entity,type,year
MS-DOS,PRODUCT,1994
Windows,PRODUCT,1994
MS-DOS,PRODUCT,1994
Windows,PRODUCT,1994
Windows,PRODUCT,1994
Windows,PRODUCT,1994
Windows,PRODUCT,1994
Windows,PRODUCT,1994
MS-DOS,PRODUCT,1994
Windows,PRODUCT,1994
Windows,PRODUCT,1994
95,PRODUCT,1994
Windows NT Workstation,PRODUCT,1994
386,PRODUCT,1994
Windows,PRODUCT,1994
Windows NT,PRODUCT,1994
Windows,PRODUCT,1994
The Windows NT(TM),PRODUCT,1994
Windows NT Workstation,PRODUCT,1994
the Structured Query Language,PRODUCT,1994
Windows NT,PRODUCT,1994
SQL Server,PRODUCT,1994
MS-DOS,PRODUCT,1994
Windows,PRODUCT,1994
VAX VMS,PRODUCT,1994
Windows NT,PRODUCT,1994
Windows NT Server,PRODUCT,1994
Windows,PRODUCT,1994
Windows,PRODUCT,1994
MS-DOS,PRODUCT,1994
Windows,PRODUCT,1994
Windows,PRODUCT,1994
Windows,PRODUCT,1994
Windows,PRODUCT,1994
Macintosh,PRODUCT,1994
Windows,PRODUCT,1994
Windows,PRODUCT,1994
Windows,PRODUCT,1994
Windows,PRODUCT,1994
Macintosh,PRODUCT,1994
Windows,PRODUCT,1994
Macintosh,PRODUCT,1994
Windows,PRODUCT,1994
Windows,PRODUCT,1994
Macintosh,PRODUCT,1994
Windows,PRODUCT,1994
Macintosh,PRODUCT,1994
Windows,PRODUCT,1994
Windows,PRODUCT,1994
Windows NT,PRODUCT,1994
FoxPro(R,PRODUCT,1994
FoxPro,PRODUCT,1994
xBase,PRODUCT,1994
FoxPro,PRODUCT,1994
Windows,PRODUCT,1994
Windows NT,PRODUCT,1994
Windows,PRODUCT,1994
Windows NT,PRODUCT,1994
Windows,PRODUCT,1994
Windows,PRODUCT,1994
Windows NT,PRODUCT,1994
Windows,PRODUCT,1994
Windows,PRODUCT,1994
Windows,PRODUCT,1994
MS-DOS,PRODUCT,1994
Windows,PRODUCT,1994
Windows,PRODUCT,1994
Windows,PRODUCT,1994
Macintosh,PRODUCT,1994
Windows,PRODUCT,1994
Microsoft Flight Simulator(TM,PRODUCT,1994
Windows,PRODUCT,1994
MS-DOS,PRODUCT,1994
Windows,PRODUCT,1994
Windows,PRODUCT,1994
OEM CHANNEL  ,PRODUCT,1994
#,PRODUCT,1994
Notes to Financial Statements,PRODUCT,1994
Notes to Financial Statements,PRODUCT,1994
Windows,PRODUCT,1995
3.1,PRODUCT,1995
Windows,PRODUCT,1995
Windows 3.1,PRODUCT,1995
Windows,PRODUCT,1995
Windows 3.x,PRODUCT,1995
Windows 95,PRODUCT,1995
Windows 3.x,PRODUCT,1995
Windows 95,PRODUCT,1995
Windows 3.x,PRODUCT,1995
MS-DOS,PRODUCT,1995
MS-DOS,PRODUCT,1995
Windows,PRODUCT,1995
3.1,PRODUCT,1995
Windows,PRODUCT,1995
3.1,PRODUCT,1995
Windows,PRODUCT,1995
Windows,PRODUCT,1995
Windows,PRODUCT,1995
Workgroups 3.11,PRODUCT,1995
Windows,PRODUCT,1995
Windows,PRODUCT,1995
Windows NT Workstation,PRODUCT,1995
the Structured Query Language,PRODUCT,1995
Windows NT,PRODUCT,1995
Windows 95,PRODUCT,1995
Windows 3.x,PRODUCT,1995
MS-DOS,PRODUCT,1995
Windows 95,PRODUCT,1995
Windows 3.x,PRODUCT,1995
MS-DOS,PRODUCT,1995
Windows,PRODUCT,1995
Windows,PRODUCT,1995
Windows 95,PRODUCT,1995
Windows 3.x,PRODUCT,1995
Windows NT,PRODUCT,1995
FoxPro(R,PRODUCT,1995
FoxPro,PRODUCT,1995
xBase,PRODUCT,1995
FoxPro,PRODUCT,1995
Windows 3.x,PRODUCT,1995
Windows 95,PRODUCT,1995
Windows NT,PRODUCT,1995
Windows 3.x,PRODUCT,1995
Windows 95,PRODUCT,1995
Windows NT,PRODUCT,1995
Windows 95,PRODUCT,1995
Windows 3.x,PRODUCT,1995
Windows NT,PRODUCT,1995
Windows 3.x,PRODUCT,1995
Windows NT,PRODUCT,1995
Windows 3.x,PRODUCT,1995
Windows 95,PRODUCT,1995
Windows NT,PRODUCT,1995
Windows 95,PRODUCT,1995
Windows 3.x,PRODUCT,1995
Windows 95,PRODUCT,1995
Windows 3.x,PRODUCT,1995
Windows 95,PRODUCT,1995
Windows 3.x,PRODUCT,1995
Windows,PRODUCT,1995
Windows,PRODUCT,1995
Windows NT,PRODUCT,1995
Windows 95,PRODUCT,1995
Windows 3.x,PRODUCT,1995
Windows NT,PRODUCT,1995
Windows,PRODUCT,1995
PowerPoint,PRODUCT,1995
Windows 95,PRODUCT,1995
Windows 3.x,PRODUCT,1995
Macintosh,PRODUCT,1995
Windows 95,PRODUCT,1995
Windows 3.x,PRODUCT,1995
Windows 95,PRODUCT,1995
Windows 95,PRODUCT,1995
Windows 3.x,PRODUCT,1995
Macintosh,PRODUCT,1995
Windows 95,PRODUCT,1995
Windows 3.x,PRODUCT,1995
MS-DOS,PRODUCT,1995
Windows 95,PRODUCT,1995
Windows 3.x,PRODUCT,1995
Windows 95,PRODUCT,1995
Microsoft Flight Simulator,PRODUCT,1995
Windows 95,PRODUCT,1995
Windows 3.x,PRODUCT,1995
MS-DOS,PRODUCT,1995
Windows 95,PRODUCT,1995
Windows 3.x,PRODUCT,1995
Notes to Financial Statements,PRODUCT,1995
Prodigy,PRODUCT,1995
Notes,PRODUCT,1995
Lotus Notes,PRODUCT,1995
Prodigy,PRODUCT,1995
Voyager,PRODUCT,1995
Windows 3.1,PRODUCT,1996
Windows,PRODUCT,1996
Windows,PRODUCT,1996
Windows 3.X,PRODUCT,1996
Windows,PRODUCT,1996
3.X,PRODUCT,1996
Windows NTW,PRODUCT,1996
Windows 95,PRODUCT,1996
Windows NTW,PRODUCT,1996
Windows,PRODUCT,1996
3.1,PRODUCT,1996
3.1,PRODUCT,1996
Windows,PRODUCT,1996
Windows,PRODUCT,1996
Workgroups 3.11,PRODUCT,1996
Windows,PRODUCT,1996
Windows,PRODUCT,1996
Windows NTS,PRODUCT,1996
Windows NTS,PRODUCT,1996
SQL,PRODUCT,1996
Windows,PRODUCT,1996
Windows 95,PRODUCT,1996
Windows NT,PRODUCT,1996
xBase,PRODUCT,1996
Windows,PRODUCT,1996
Windows,PRODUCT,1996
Windows,PRODUCT,1996
Windows NTS,PRODUCT,1996
Windows NTS,PRODUCT,1996
Windows CE,PRODUCT,1996
Windows,PRODUCT,1996
Windows,PRODUCT,1996
Windows,PRODUCT,1996
Windows CE,PRODUCT,1996
the Win32 API,PRODUCT,1996
Windows,PRODUCT,1996
Windows,PRODUCT,1996
Windows,PRODUCT,1996
the Windows NT,PRODUCT,1996
Windows,PRODUCT,1996
POWERPOINT,PRODUCT,1996
Encarta,PRODUCT,1996
Microsoft Flight Simulator,PRODUCT,1996
Space Simulator,PRODUCT,1996
MS-DOS,PRODUCT,1996
Windows,PRODUCT,1996
Windows 95,PRODUCT,1996
OEM CHANNEL  ,PRODUCT,1996
Notes to Financial Statements,PRODUCT,1996
Lotus Notes,PRODUCT,1996
Lotus Notes,PRODUCT,1996
Prodigy,PRODUCT,1996
Voyager,PRODUCT,1996
Edmark,PRODUCT,1996
Oracle,PRODUCT,1996
Notes to Financial Statements,PRODUCT,1996
Windows 3.1,PRODUCT,1997
95,PRODUCT,1997
Windows,PRODUCT,1997
3.1,PRODUCT,1997
Windows NT Workstation,PRODUCT,1997
Windows,PRODUCT,1997
3.1,PRODUCT,1997
3.1,PRODUCT,1997
Windows,PRODUCT,1997
Windows,PRODUCT,1997
Workgroups 3.11,PRODUCT,1997
Windows,PRODUCT,1997
Windows NT Server,PRODUCT,1997
Windows NT Server,PRODUCT,1997
Windows NT Server,PRODUCT,1997
SQL,PRODUCT,1997
Windows NT Server,PRODUCT,1997
Windows NT Server,PRODUCT,1997
Windows,PRODUCT,1997
Windows 95,PRODUCT,1997
Windows NT,PRODUCT,1997
Windows,PRODUCT,1997
Windows,PRODUCT,1997
Windows,PRODUCT,1997
Windows CE,PRODUCT,1997
Windows,PRODUCT,1997
Windows,PRODUCT,1997
Windows,PRODUCT,1997
Windows,PRODUCT,1997
Windows,PRODUCT,1997
Windows CE,PRODUCT,1997
the Windows NT,PRODUCT,1997
3D,PRODUCT,1997
Windows,PRODUCT,1997
Windows,PRODUCT,1997
Microsoft Flight Simulator,PRODUCT,1997
Windows,PRODUCT,1997
MS-DOS,PRODUCT,1997
Windows 95,PRODUCT,1997
Windows 95,PRODUCT,1997
MS-DOS,PRODUCT,1997
Windows,PRODUCT,1997
OEM CHANNEL,PRODUCT,1997
Notes to Financial Statements,PRODUCT,1997
Prodigy,PRODUCT,1997
NetWare,PRODUCT,1997
Lotus Notes,PRODUCT,1997
Lotus Notes,PRODUCT,1997
Prodigy,PRODUCT,1997
Voyager,PRODUCT,1997
PlayStation,PRODUCT,1997
Notes to Financial Statements-Commitments,PRODUCT,1997
Explorer,PRODUCT,1998
Windows NT,PRODUCT,1998
Component Object Model (COM,PRODUCT,1998
Windows,PRODUCT,1998
Windows NT,PRODUCT,1998
Windows 98,PRODUCT,1998
Windows 95,PRODUCT,1998
Windows 98,PRODUCT,1998
Windows 98,PRODUCT,1998
3.1,PRODUCT,1998
95,PRODUCT,1998
Windows 3.x,PRODUCT,1998
MS-DOS,PRODUCT,1998
Windows 3.x,PRODUCT,1998
Windows,PRODUCT,1998
3.1,PRODUCT,1998
3.1,PRODUCT,1998
Windows,PRODUCT,1998
Windows,PRODUCT,1998
Workgroups 3.11,PRODUCT,1998
Windows,PRODUCT,1998
Windows NT Platforms,PRODUCT,1998
Windows NT Workstation,PRODUCT,1998
Windows NT Workstation,PRODUCT,1998
Windows NT Workstation,PRODUCT,1998
Workstation 4.0,PRODUCT,1998
Windows 95,PRODUCT,1998
Windows 95,PRODUCT,1998
Windows NT,PRODUCT,1998
Windows NT Server,PRODUCT,1998
Windows NT Server,PRODUCT,1998
Windows NT Server,PRODUCT,1998
Windows,PRODUCT,1998
Windows NT Server,PRODUCT,1998
Windows,PRODUCT,1998
Windows NT Server,PRODUCT,1998
Windows,PRODUCT,1998
Windows,PRODUCT,1998
Based on Windows NT Server,PRODUCT,1998
SQL,PRODUCT,1998
Windows NT,PRODUCT,1998
Windows,PRODUCT,1998
Windows,PRODUCT,1998
Windows,PRODUCT,1998
Windows,PRODUCT,1998
Windows,PRODUCT,1998
Windows,PRODUCT,1998
Windows,PRODUCT,1998
Palm,PRODUCT,1998
Windows CE,PRODUCT,1998
Windows,PRODUCT,1998
Windows,PRODUCT,1998
Windows,PRODUCT,1998
Windows CE-powered,PRODUCT,1998
Windows CE,PRODUCT,1998
Windows,PRODUCT,1998
Windows CE,PRODUCT,1998
Windows CE,PRODUCT,1998
Windows,PRODUCT,1998
Microsoft Flight Simulator,PRODUCT,1998
Windows,PRODUCT,1998
MS-DOS,PRODUCT,1998
Windows,PRODUCT,1998
Explorer,PRODUCT,1998
Windows,PRODUCT,1998
Windows,PRODUCT,1998
Force Feedback,PRODUCT,1998
Standalone,PRODUCT,1998
Certified Professional,PRODUCT,1998
Windows,PRODUCT,1998
BackOffice,PRODUCT,1998
Notes,PRODUCT,1998
Notes to Financial Statements,PRODUCT,1998
Prodigy,PRODUCT,1998
NetWare,PRODUCT,1998
Lotus Notes,PRODUCT,1998
Lotus Notes,PRODUCT,1998
Broderbund,PRODUCT,1998
Voyager,PRODUCT,1998
Cendant,PRODUCT,1998
PlayStation,PRODUCT,1998
Notes,PRODUCT,1998
Windows Platforms,PRODUCT,1999
Windows Platforms,PRODUCT,1999
The Windows Platforms,PRODUCT,1999
Windows,PRODUCT,1999
Windows,PRODUCT,1999
Windows Media(TM),PRODUCT,1999
Windows NT,PRODUCT,1999
Windows Platforms,PRODUCT,1999
Windows 98,PRODUCT,1999
Windows 95,PRODUCT,1999
Windows 98,PRODUCT,1999
Windows 98,PRODUCT,1999
Windows 3.x,PRODUCT,1999
Windows 95,PRODUCT,1999
Windows 3.x,PRODUCT,1999
MS-DOS,PRODUCT,1999
Windows NT Workstation,PRODUCT,1999
Windows NT Workstation,PRODUCT,1999
Windows NT Workstation,PRODUCT,1999
Windows 98,PRODUCT,1999
Windows NT,PRODUCT,1999
Windows NT Server,PRODUCT,1999
Windows NT Server,PRODUCT,1999
Windows NT Server,PRODUCT,1999
Windows NT Server,PRODUCT,1999
Windows NT Server,PRODUCT,1999
Windows,PRODUCT,1999
Windows Media Tools,PRODUCT,1999
Windows Media Player,PRODUCT,1999
Windows CE,PRODUCT,1999
Windows,PRODUCT,1999
Macintosh,PRODUCT,1999
Windows NT Server,PRODUCT,1999
Windows CE,PRODUCT,1999
Windows,PRODUCT,1999
Windows,PRODUCT,1999
Windows,PRODUCT,1999
Windows CE,PRODUCT,1999
Windows,PRODUCT,1999
Windows CE,PRODUCT,1999
Windows,PRODUCT,1999
Windows,PRODUCT,1999
Windows,PRODUCT,1999
Windows DNA,PRODUCT,1999
the Component Object Model (COM,PRODUCT,1999
Windows,PRODUCT,1999
Windows NT,PRODUCT,1999
Windows,PRODUCT,1999
Windows,PRODUCT,1999
SQL,PRODUCT,1999
Windows NT,PRODUCT,1999
Windows,PRODUCT,1999
Microsoft Flight Simulator,PRODUCT,1999
Certified Professional,PRODUCT,1999
Windows,PRODUCT,1999
BackOffice,PRODUCT,1999
Windows DNA Architecture,PRODUCT,1999
OEM,PRODUCT,1999
Enterprise Agreement,PRODUCT,1999
Certified Professional,PRODUCT,1999
Notes,PRODUCT,1999
Notes to Financial Statements,PRODUCT,1999
Windows,PRODUCT,1999
NetWare,PRODUCT,1999
Lotus Notes,PRODUCT,1999
Apache,PRODUCT,1999
Windows,PRODUCT,1999
Lotus Notes,PRODUCT,1999
Voyager,PRODUCT,1999
Cendant,PRODUCT,1999
PlayStation,PRODUCT,1999
Notes,PRODUCT,1999
Windows,PRODUCT,2000
Windows Platforms,PRODUCT,2000
Windows,PRODUCT,2000
Windows Platforms,PRODUCT,2000
The Windows Platforms,PRODUCT,2000
Windows,PRODUCT,2000
Windows,PRODUCT,2000
Windows Media(TM),PRODUCT,2000
Windows NT,PRODUCT,2000
Windows Platforms,PRODUCT,2000
Windows Millennium Edition,PRODUCT,2000
Windows,PRODUCT,2000
Windows Millennium Edition,PRODUCT,2000
Windows 98,PRODUCT,2000
Windows 95,PRODUCT,2000
Windows 98,PRODUCT,2000
Windows 98,PRODUCT,2000
Windows NT Workstation,PRODUCT,2000
Windows NT Workstation,PRODUCT,2000
Windows 2000,PRODUCT,2000
Windows NT Workstation,PRODUCT,2000
Windows NT Workstation,PRODUCT,2000
Windows NT Workstation,PRODUCT,2000
Windows 98,PRODUCT,2000
Windows NT,PRODUCT,2000
Windows NT,PRODUCT,2000
Windows 2000,PRODUCT,2000
Windows NT Server,PRODUCT,2000
Windows NT Server,PRODUCT,2000
Windows NT Server,PRODUCT,2000
Windows NT Server,PRODUCT,2000
Windows NT Server,PRODUCT,2000
Windows,PRODUCT,2000
Windows Media Player,PRODUCT,2000
Windows CE,PRODUCT,2000
Windows,PRODUCT,2000
Macintosh,PRODUCT,2000
Windows NT Server,PRODUCT,2000
Windows CE,PRODUCT,2000
Windows,PRODUCT,2000
Windows,PRODUCT,2000
Windows,PRODUCT,2000
Windows CE,PRODUCT,2000
Windows,PRODUCT,2000
Windows CE,PRODUCT,2000
FrontPage,PRODUCT,2000
Windows,PRODUCT,2000
Windows,PRODUCT,2000
Windows,PRODUCT,2000
Windows DNA,PRODUCT,2000
the Component Object Model (COM,PRODUCT,2000
Windows,PRODUCT,2000
Windows NT,PRODUCT,2000
Windows,PRODUCT,2000
SQL,PRODUCT,2000
Windows NT,PRODUCT,2000
Windows,PRODUCT,2000
Microsoft Flight Simulator,PRODUCT,2000
Combat Flight Simulator,PRODUCT,2000
Windows 2000,PRODUCT,2000
Windows,PRODUCT,2000
Windows,PRODUCT,2000
Windows,PRODUCT,2000
Windows DNA 2000,PRODUCT,2000
OEM,PRODUCT,2000
Enterprise Agreement,PRODUCT,2000
Certified Professional,PRODUCT,2000
Notes,PRODUCT,2000
Notes to Financial Statements,PRODUCT,2000
Windows,PRODUCT,2000
Lotus Notes,PRODUCT,2000
Voyager,PRODUCT,2000
Cendant,PRODUCT,2000
PlayStation,PRODUCT,2000
Notes,PRODUCT,2000
Windows,PRODUCT,2000
Data Access,PRODUCT,2000
Outlook,PRODUCT,2000
Windows,PRODUCT,2000
Windows,PRODUCT,2000
Windows,PRODUCT,2001
Windows NT Workstation,PRODUCT,2001
Windows 98,PRODUCT,2001
Windows,PRODUCT,2001
Macintosh,PRODUCT,2001
FrontPage,PRODUCT,2001
Windows XP,PRODUCT,2001
Windows XP,PRODUCT,2001
Windows,PRODUCT,2001
Windows XP,PRODUCT,2001
Windows 2000,PRODUCT,2001
Windows XP Home Edition,PRODUCT,2001
Windows XP Professional,PRODUCT,2001
Windows XP Professional,PRODUCT,2001
Windows NT Workstation,PRODUCT,2001
Windows NT Workstation,PRODUCT,2001
Windows NT Workstation,PRODUCT,2001
Windows NT Workstation,PRODUCT,2001
Windows NT Workstation,PRODUCT,2001
Windows 98,PRODUCT,2001
Windows NT,PRODUCT,2001
Windows Millennium Edition,PRODUCT,2001
Windows Millennium Edition (,PRODUCT,2001
Windows 98,PRODUCT,2001
Windows 95,PRODUCT,2001
Windows 98,PRODUCT,2001
Windows 98,PRODUCT,2001
Windows 2000,PRODUCT,2001
Windows NT,PRODUCT,2001
Windows 2000,PRODUCT,2001
Windows NT Server,PRODUCT,2001
Windows NT Server,PRODUCT,2001
Windows NT Server,PRODUCT,2001
Windows NT Server,PRODUCT,2001
Windows NT Server,PRODUCT,2001
Windows,PRODUCT,2001
SQL,PRODUCT,2001
Windows,PRODUCT,2001
Windows,PRODUCT,2001
Windows,PRODUCT,2001
Windows,PRODUCT,2001
Windows,PRODUCT,2001
Windows,PRODUCT,2001
Certified Professional,PRODUCT,2001
Microsoft Flight Simulator,PRODUCT,2001
Combat Flight Simulator,PRODUCT,2001
Xbox,PRODUCT,2001
My Personal Tutor,PRODUCT,2001
The Works Suite,PRODUCT,2001
Stinger,PRODUCT,2001
Windows NT Embedded,PRODUCT,2001
Windows NT Embedded,PRODUCT,2001
HomeAdvisor,PRODUCT,2001
Windows 2000 Server,PRODUCT,2001
HailStorm,PRODUCT,2001
Passport,PRODUCT,2001
Enterprise Agreement,PRODUCT,2001
OEM Channel --------------------------------------------------------------------------------,PRODUCT,2001
Notes,PRODUCT,2001
Windows,PRODUCT,2001
Lotus Notes,PRODUCT,2001
the Sony PlayStation,PRODUCT,2001
Windows   David Vaskevitch,PRODUCT,2001
Data Access,PRODUCT,2001
Windows,PRODUCT,2001
Windows,PRODUCT,2001
Windows,PRODUCT,2001
Xbox,PRODUCT,2002
Windows,PRODUCT,2002
Windows,PRODUCT,2002
Windows NT Workstation,PRODUCT,2002
Windows Millennium Edition,PRODUCT,2002
Windows 98,PRODUCT,2002
Windows,PRODUCT,2002
Macintosh,PRODUCT,2002
eEnterprise,PRODUCT,2002
FrontPage,PRODUCT,2002
Windows XP,PRODUCT,2002
Windows XP,PRODUCT,2002
Windows XP,PRODUCT,2002
Windows XP Home Edition,PRODUCT,2002
Windows XP Professional,PRODUCT,2002
Windows NT Workstation,PRODUCT,2002
Windows NT Workstation,PRODUCT,2002
Windows NT Workstation,PRODUCT,2002
Windows NT Workstation,PRODUCT,2002
Windows NT Workstation,PRODUCT,2002
Windows 98,PRODUCT,2002
Windows NT,PRODUCT,2002
Windows Millennium Edition,PRODUCT,2002
Windows Millennium Edition (,PRODUCT,2002
Windows 98,PRODUCT,2002
Windows 95,PRODUCT,2002
Windows 98,PRODUCT,2002
Windows 98,PRODUCT,2002
Windows 2000,PRODUCT,2002
Windows,PRODUCT,2002
Windows,PRODUCT,2002
Windows 2000,PRODUCT,2002
Windows,PRODUCT,2002
Windows,PRODUCT,2002
Windows,PRODUCT,2002
Microsoft Visual C++,PRODUCT,2002
Windows,PRODUCT,2002
Windows,PRODUCT,2002
Certified Professional,PRODUCT,2002
Xbox,PRODUCT,2002
Xbox,PRODUCT,2002
Xbox,PRODUCT,2002
Xbox,PRODUCT,2002
Microsoft Flight Simulator,PRODUCT,2002
Train Simulator,PRODUCT,2002
Windows Powered Smartphone,PRODUCT,2002
Windows NT Embedded,PRODUCT,2002
Windows NT Embedded,PRODUCT,2002
IntelliMouse,PRODUCT,2002
Tablet,PRODUCT,2002
Windows XP,PRODUCT,2002
Windows 2000 Server,PRODUCT,2002
Xbox,PRODUCT,2002
Xbox,PRODUCT,2002
HP,PRODUCT,2002
Oracle,PRODUCT,2002
Windows,PRODUCT,2002
Lotus Notes,PRODUCT,2002
Data Access,PRODUCT,2002
Windows,PRODUCT,2002
Windows,PRODUCT,2002
Windows,PRODUCT,2002
Xbox,PRODUCT,2003
Extensible Markup,PRODUCT,2003
Windows XP,PRODUCT,2003
Windows 2000,PRODUCT,2003
Windows,PRODUCT,2003
Windows XP,PRODUCT,2003
Windows XP Home Edition,PRODUCT,2003
Windows XP Professional,PRODUCT,2003
Windows XP,PRODUCT,2003
Windows,PRODUCT,2003
Windows,PRODUCT,2003
Windows,PRODUCT,2003
Tools,PRODUCT,2003
Windows Server,PRODUCT,2003
Windows Server 2003,PRODUCT,2003
Windows,PRODUCT,2003
Windows,PRODUCT,2003
the Windows Server System,PRODUCT,2003
Windows Mobile,PRODUCT,2003
Windows Embedded,PRODUCT,2003
Windows Automotive,PRODUCT,2003
Windows Mobile,PRODUCT,2003
Windows Embedded,PRODUCT,2003
Windows,PRODUCT,2003
Windows XP Embedded,PRODUCT,2003
Windows NT Embedded,PRODUCT,2003
Windows Embedded,PRODUCT,2003
Windows Automotive,PRODUCT,2003
Xbox,PRODUCT,2003
Xbox,PRODUCT,2003
Xbox Live,PRODUCT,2003
Windows,PRODUCT,2003
Xbox,PRODUCT,2003
Xbox,PRODUCT,2003
Xbox,PRODUCT,2003
Xbox,PRODUCT,2003
Xbox,PRODUCT,2003
HP,PRODUCT,2003
Windows,PRODUCT,2003
Windows,PRODUCT,2003
Windows,PRODUCT,2003
Lotus Notes,PRODUCT,2003
OpenOffice.org,PRODUCT,2003
Intuit,PRODUCT,2003
Sage,PRODUCT,2003
MapInfo,PRODUCT,2003
Xbox,PRODUCT,2003
non-Xbox,PRODUCT,2003
Xbox,PRODUCT,2003
Windows,PRODUCT,2004
Windows Client,PRODUCT,2004
Windows,PRODUCT,2004
Windows XP,PRODUCT,2004
Windows,PRODUCT,2004
Windows XP,PRODUCT,2004
Tablet,PRODUCT,2004
Windows XP Home Edition,PRODUCT,2004
Windows XP Professional,PRODUCT,2004
Windows XP 64-Bit Edition,PRODUCT,2004
Windows,PRODUCT,2004
Windows,PRODUCT,2004
Windows Server,PRODUCT,2004
Windows Server System,PRODUCT,2004
Windows Server 2003,PRODUCT,2004
Windows Server,PRODUCT,2004
Windows,PRODUCT,2004
the Windows Server System,PRODUCT,2004
CRM,PRODUCT,2004
Windows,PRODUCT,2004
Windows Mobile,PRODUCT,2004
the Windows Embedded,PRODUCT,2004
Windows Automotive,PRODUCT,2004
Windows Mobile,PRODUCT,2004
Windows Embedded,PRODUCT,2004
Windows CE,PRODUCT,2004
Windows XP Embedded,PRODUCT,2004
Windows Embedded,PRODUCT,2004
Protocol,PRODUCT,2004
Windows Automotive,PRODUCT,2004
Windows,PRODUCT,2004
Xbox,PRODUCT,2004
Xbox Live,PRODUCT,2004
Windows,PRODUCT,2004
Xbox,PRODUCT,2004
Xbox,PRODUCT,2004
Xbox,PRODUCT,2004
Xbox,PRODUCT,2004
Xbox,PRODUCT,2004
Windows,PRODUCT,2004
InfoPath,PRODUCT,2004
Windows Server 2003,PRODUCT,2004
Windows,PRODUCT,2004
Windows Automotive,PRODUCT,2004
Windows,PRODUCT,2004
Windows XP Embedded,PRODUCT,2004
Xbox,PRODUCT,2004
HP,PRODUCT,2004
Xbox Live,PRODUCT,2004
Windows,PRODUCT,2004
Linux,PRODUCT,2004
Windows,PRODUCT,2004
Lotus Notes,PRODUCT,2004
OpenOffice.org,PRODUCT,2004
CRM,PRODUCT,2004
Windows Mobile,PRODUCT,2004
MapInfo,PRODUCT,2004
Xbox,PRODUCT,2004
non-Xbox,PRODUCT,2004
Xbox,PRODUCT,2004
Xbox,PRODUCT,2004
Xbox Live,PRODUCT,2004
Windows,PRODUCT,2005
Windows,PRODUCT,2005
Windows Client,PRODUCT,2005
Windows,PRODUCT,2005
Windows,PRODUCT,2005
Windows XP,PRODUCT,2005
Windows,PRODUCT,2005
Windows XP,PRODUCT,2005
Tablet,PRODUCT,2005
Windows,PRODUCT,2005
Windows XP 64-Bit Edition,PRODUCT,2005
Windows,PRODUCT,2005
Windows Vista,PRODUCT,2005
Windows Vista,PRODUCT,2005
Windows Server System,PRODUCT,2005
Windows Server,PRODUCT,2005
Windows Server System,PRODUCT,2005
the Windows Server 2003,PRODUCT,2005
Windows Server,PRODUCT,2005
SQL Server,PRODUCT,2005
Windows Server,PRODUCT,2005
Server and Tools,PRODUCT,2005
OEM,PRODUCT,2005
CRM,PRODUCT,2005
Windows,PRODUCT,2005
Windows Mobile,PRODUCT,2005
the Windows Embedded,PRODUCT,2005
Windows Automotive,PRODUCT,2005
Windows Mobile,PRODUCT,2005
Windows Embedded,PRODUCT,2005
Windows CE,PRODUCT,2005
Windows XP Embedded,PRODUCT,2005
Windows XP Embedded for Point of Service,PRODUCT,2005
Windows Embedded,PRODUCT,2005
Protocol,PRODUCT,2005
Windows Automotive,PRODUCT,2005
Windows Mobile 5.0,PRODUCT,2005
Enterprise Feature Pack,PRODUCT,2005
Xbox,PRODUCT,2005
Xbox,PRODUCT,2005
Xbox Live,PRODUCT,2005
Windows,PRODUCT,2005
Xbox,PRODUCT,2005
Xbox 360,PRODUCT,2005
Xbox,PRODUCT,2005
Xbox,PRODUCT,2005
Xbox,PRODUCT,2005
Xbox,PRODUCT,2005
Xbox 360,PRODUCT,2005
Xbox 360,PRODUCT,2005
Windows Vista,PRODUCT,2005
Xbox Live,PRODUCT,2005
Xbox Live,PRODUCT,2005
Windows,PRODUCT,2005
Windows,PRODUCT,2005
Windows,PRODUCT,2005
Windows Media Player,PRODUCT,2005
Windows,PRODUCT,2005
Windows,PRODUCT,2005
Linux,PRODUCT,2005
Windows,PRODUCT,2005
Lotus Notes,PRODUCT,2005
WordPerfect Suite,PRODUCT,2005
OpenOffice.org,PRODUCT,2005
Sage,PRODUCT,2005
Windows Mobile,PRODUCT,2005
MapInfo,PRODUCT,2005
Xbox,PRODUCT,2005
the Xbox 360,PRODUCT,2005
the Xbox 360,PRODUCT,2005
non-Xbox,PRODUCT,2005
Xbox,PRODUCT,2005
Eclipse,PRODUCT,2005
Windows,PRODUCT,2005
Windows,PRODUCT,2005
Windows,PRODUCT,2005
Windows,PRODUCT,2005
Windows,PRODUCT,2005
Windows,PRODUCT,2005
Windows,PRODUCT,2005
Windows,PRODUCT,2005
Windows Vista,PRODUCT,2005
Windows Server,PRODUCT,2005
Xbox 360,PRODUCT,2005
Windows,PRODUCT,2005
Windows Vista,PRODUCT,2005
Xbox 360,PRODUCT,2005
Xbox 360,PRODUCT,2005
Xbox 360,PRODUCT,2005
Xbox,PRODUCT,2005
Xbox 360,PRODUCT,2005
Xbox 360,PRODUCT,2006
"Windows Live, Office Live",PRODUCT,2006
Windows,PRODUCT,2006
Windows,PRODUCT,2006
Windows,PRODUCT,2006
Windows,PRODUCT,2006
Windows,PRODUCT,2006
Windows Vista,PRODUCT,2006
Windows Vista,PRODUCT,2006
Tablet,PRODUCT,2006
Windows,PRODUCT,2006
Linux,PRODUCT,2006
Windows,PRODUCT,2006
Windows,PRODUCT,2006
Windows Media Player,PRODUCT,2006
Windows Server,PRODUCT,2006
Windows Server,PRODUCT,2006
Windows Server,PRODUCT,2006
the Windows Server 2003,PRODUCT,2006
Windows Server,PRODUCT,2006
Windows Server,PRODUCT,2006
Linux,PRODUCT,2006
Windows,PRODUCT,2006
Lotus Notes,PRODUCT,2006
WordPerfect Suite,PRODUCT,2006
OpenOffice.org,PRODUCT,2006
Notes and Workplace,PRODUCT,2006
Intuit,PRODUCT,2006
Sage,PRODUCT,2006
Windows,PRODUCT,2006
Windows Live,PRODUCT,2006
Windows,PRODUCT,2006
Windows Embedded,PRODUCT,2006
Windows Mobile,PRODUCT,2006
Windows Embedded,PRODUCT,2006
Windows Automotive,PRODUCT,2006
Windows Mobile,PRODUCT,2006
Xbox,PRODUCT,2006
Xbox Live,PRODUCT,2006
Xbox,PRODUCT,2006
Windows,PRODUCT,2006
Internet Protocol,PRODUCT,2006
Xbox 360,PRODUCT,2006
Xbox,PRODUCT,2006
Xbox,PRODUCT,2006
Xbox 360,PRODUCT,2006
the Xbox 360,PRODUCT,2006
non-Xbox,PRODUCT,2006
Xbox,PRODUCT,2006
Xbox,PRODUCT,2006
Xbox 360,PRODUCT,2006
Xbox 360,PRODUCT,2006
Windows Vista,PRODUCT,2006
Windows,PRODUCT,2006
Windows,PRODUCT,2006
Windows Live SafetyCenter,PRODUCT,2006
Dynamics CRM Live,PRODUCT,2006
Xbox Live,PRODUCT,2006
Windows,PRODUCT,2006
Windows,PRODUCT,2006
Windows,PRODUCT,2006
Windows,PRODUCT,2006
Windows,PRODUCT,2006
Windows,PRODUCT,2006
Windows,PRODUCT,2006
Windows,PRODUCT,2006
Windows,PRODUCT,2006
Windows Server,PRODUCT,2006
Windows,PRODUCT,2006
Windows Media Player,PRODUCT,2006
Windows,PRODUCT,2006
Windows,PRODUCT,2006
Windows Vista,PRODUCT,2006
Xbox 360,PRODUCT,2006
Windows Server and Windows Live,PRODUCT,2006
Xbox 360,PRODUCT,2006
Xbox 360,PRODUCT,2006
Xbox,PRODUCT,2006
Xbox 360,PRODUCT,2006
Windows Media Player,PRODUCT,2006
Windows Messenger,PRODUCT,2006
Windows,PRODUCT,2006
Xbox 360,PRODUCT,2007
Windows,PRODUCT,2007
Windows,PRODUCT,2007
Windows,PRODUCT,2007
Windows,PRODUCT,2007
Windows,PRODUCT,2007
Windows Vista,PRODUCT,2007
Windows Vista,PRODUCT,2007
Enterprise Starter Edition,PRODUCT,2007
Windows XP Professional and Home,PRODUCT,2007
Tablet,PRODUCT,2007
Windows,PRODUCT,2007
Linux,PRODUCT,2007
Windows,PRODUCT,2007
Windows,PRODUCT,2007
Windows Media Player,PRODUCT,2007
Windows Server,PRODUCT,2007
Windows Server,PRODUCT,2007
Windows Server,PRODUCT,2007
Windows Server,PRODUCT,2007
Linux,PRODUCT,2007
Windows,PRODUCT,2007
Windows Live,PRODUCT,2007
WordPerfect Suite,PRODUCT,2007
OpenOffice.org,PRODUCT,2007
Notes and Workplace,PRODUCT,2007
Sage,PRODUCT,2007
Xbox,PRODUCT,2007
Xbox Live,PRODUCT,2007
Xbox,PRODUCT,2007
Windows,PRODUCT,2007
Xbox 360,PRODUCT,2007
Xbox Live,PRODUCT,2007
Windows Embedded,PRODUCT,2007
Windows Automotive,PRODUCT,2007
Xbox,PRODUCT,2007
Xbox 360,PRODUCT,2007
Xbox 360,PRODUCT,2007
Halo,PRODUCT,2007
non-Xbox,PRODUCT,2007
Xbox,PRODUCT,2007
the Xbox 360,PRODUCT,2007
Xbox 360,PRODUCT,2007
Xbox 360,PRODUCT,2007
Windows Vista,PRODUCT,2007
Xbox 360,PRODUCT,2007
Microsoft Windows Live,PRODUCT,2007
Windows Mobile,PRODUCT,2007
Windows Vista,PRODUCT,2007
Xbox Live,PRODUCT,2007
Windows,PRODUCT,2007
Windows,PRODUCT,2007
Windows,PRODUCT,2007
Windows,PRODUCT,2007
Windows,PRODUCT,2007
Windows,PRODUCT,2007
Windows,PRODUCT,2007
Windows,PRODUCT,2007
Windows,PRODUCT,2007
Windows Media Player,PRODUCT,2007
Windows,PRODUCT,2007
Windows,PRODUCT,2007
Windows,PRODUCT,2007
Windows Vista,PRODUCT,2007
Xbox 360,PRODUCT,2007
Windows Live,PRODUCT,2007
Windows Vista,PRODUCT,2007
Xbox 360,PRODUCT,2007
Xbox 360,PRODUCT,2008
Windows,PRODUCT,2008
Windows,PRODUCT,2008
Windows,PRODUCT,2008
Windows,PRODUCT,2008
Windows,PRODUCT,2008
Windows Vista,PRODUCT,2008
Windows,PRODUCT,2008
Windows Vista,PRODUCT,2008
Tablet,PRODUCT,2008
Windows,PRODUCT,2008
Linux,PRODUCT,2008
Windows,PRODUCT,2008
Windows,PRODUCT,2008
Windows Server,PRODUCT,2008
Windows Server,PRODUCT,2008
Windows Server,PRODUCT,2008
Windows Server,PRODUCT,2008
Windows,PRODUCT,2008
Apache,PRODUCT,2008
JBoss,PRODUCT,2008
Eclipse,PRODUCT,2008
Windows Live,PRODUCT,2008
WordPerfect Suite,PRODUCT,2008
OpenOffice.org,PRODUCT,2008
Notes and Workplace,PRODUCT,2008
Sage,PRODUCT,2008
Xbox,PRODUCT,2008
Xbox Live,PRODUCT,2008
Xbox,PRODUCT,2008
Windows,PRODUCT,2008
Xbox 360,PRODUCT,2008
Xbox Live,PRODUCT,2008
Windows Mobile,PRODUCT,2008
Windows Embedded,PRODUCT,2008
Windows Automotive,PRODUCT,2008
Xbox,PRODUCT,2008
Xbox 360,PRODUCT,2008
Xbox 360,PRODUCT,2008
Halo,PRODUCT,2008
non-Xbox,PRODUCT,2008
Xbox,PRODUCT,2008
Xbox 360,PRODUCT,2008
Xbox 360,PRODUCT,2008
Xbox 360,PRODUCT,2008
Windows Vista,PRODUCT,2008
Xbox 360,PRODUCT,2008
Microsoft Windows Live,PRODUCT,2008
Windows Mobile,PRODUCT,2008
Windows Vista,PRODUCT,2008
Windows Server 2008,PRODUCT,2008
Xbox Live,PRODUCT,2008
Windows,PRODUCT,2008
Windows,PRODUCT,2008
Windows,PRODUCT,2008
Windows,PRODUCT,2008
Windows,PRODUCT,2008
Windows,PRODUCT,2008
Windows,PRODUCT,2008
Windows,PRODUCT,2008
Xbox 360,PRODUCT,2008
Windows Live,PRODUCT,2008
Windows Vista,PRODUCT,2008
Xbox 360,PRODUCT,2008
Xbox Live,PRODUCT,2008
Windows Live,PRODUCT,2008
Windows,PRODUCT,2008
Xbox 360,PRODUCT,2009
"Windows Live, Office Live",PRODUCT,2009
Windows,PRODUCT,2009
Windows,PRODUCT,2009
OEM Windows,PRODUCT,2009
OEM Windows,PRODUCT,2009
Windows,PRODUCT,2009
Windows XP,PRODUCT,2009
Windows XP Home Edition,PRODUCT,2009
Windows XP,PRODUCT,2009
Windows,PRODUCT,2009
Windows,PRODUCT,2009
Windows Vista,PRODUCT,2009
Starter Edition,PRODUCT,2009
Windows XP,PRODUCT,2009
Tablet,PRODUCT,2009
Windows,PRODUCT,2009
Windows,PRODUCT,2009
Windows,PRODUCT,2009
Windows Server,PRODUCT,2009
Windows Server,PRODUCT,2009
Windows Server,PRODUCT,2009
Windows Server,PRODUCT,2009
Windows Server,PRODUCT,2009
Apache,PRODUCT,2009
JBoss,PRODUCT,2009
Eclipse,PRODUCT,2009
Windows Live,PRODUCT,2009
adExpert,PRODUCT,2009
Windows Live,PRODUCT,2009
WordPerfect Suite,PRODUCT,2009
Notes and Workplace,PRODUCT,2009
OpenOffice.org,PRODUCT,2009
Sage,PRODUCT,2009
Xbox,PRODUCT,2009
Xbox Live,PRODUCT,2009
Xbox,PRODUCT,2009
Windows,PRODUCT,2009
Xbox 360,PRODUCT,2009
Xbox Live,PRODUCT,2009
Windows Mobile,PRODUCT,2009
Windows Embedded,PRODUCT,2009
Windows Automotive,PRODUCT,2009
Xbox,PRODUCT,2009
Xbox 360,PRODUCT,2009
the Xbox 360,PRODUCT,2009
non-Xbox,PRODUCT,2009
Xbox,PRODUCT,2009
Xbox 360,PRODUCT,2009
Xbox 360,PRODUCT,2009
Xbox 360,PRODUCT,2009
Xbox 360,PRODUCT,2009
Windows 7,PRODUCT,2009
Windows,PRODUCT,2009
Windows Live Essentials,PRODUCT,2009
"Windows Live, Office Live",PRODUCT,2009
Windows,PRODUCT,2009
Windows,PRODUCT,2009
Windows,PRODUCT,2009
Windows,PRODUCT,2009
Windows,PRODUCT,2009
Windows,PRODUCT,2009
Windows,PRODUCT,2009
Windows,PRODUCT,2009
Windows,PRODUCT,2009
Xbox 360,PRODUCT,2009
Windows Live,PRODUCT,2009
Xbox 360,PRODUCT,2009
Xbox 360,PRODUCT,2009
Xbox Live,PRODUCT,2009
Windows Live,PRODUCT,2009
Xbox 360,PRODUCT,2010
Excel,PRODUCT,2010
Windows & Windows Live Division,PRODUCT,2010
Windows & Windows Live Division Windows &,PRODUCT,2010
Windows,PRODUCT,2010
Windows Live and Internet Explorer,PRODUCT,2010
Windows OEM,PRODUCT,2010
Windows,PRODUCT,2010
OEM,PRODUCT,2010
Windows,PRODUCT,2010
Windows Live,PRODUCT,2010
Windows,PRODUCT,2010
Windows,PRODUCT,2010
Windows 7,PRODUCT,2010
Starter Edition,PRODUCT,2010
Windows Vista,PRODUCT,2010
Windows XP Home,PRODUCT,2010
Windows Live,PRODUCT,2010
Windows,PRODUCT,2010
Linux,PRODUCT,2010
Windows,PRODUCT,2010
Windows,PRODUCT,2010
Windows Server,PRODUCT,2010
Server and Tools,PRODUCT,2010
Windows Server,PRODUCT,2010
Windows Azure,PRODUCT,2010
SQL Azure,PRODUCT,2010
Apache,PRODUCT,2010
JBoss,PRODUCT,2010
Eclipse,PRODUCT,2010
Windows Azure,PRODUCT,2010
Azure,PRODUCT,2010
CRM,PRODUCT,2010
Excel,PRODUCT,2010
OneNote,PRODUCT,2010
OpenOffice.org,PRODUCT,2010
Xbox 360,PRODUCT,2010
Xbox 360,PRODUCT,2010
Xbox,PRODUCT,2010
Windows Phone and Windows Embedded,PRODUCT,2010
Windows,PRODUCT,2010
Xbox 360,PRODUCT,2010
Xbox LIVE,PRODUCT,2010
Windows Phone,PRODUCT,2010
Windows Embedded,PRODUCT,2010
Windows Automotive,PRODUCT,2010
Xbox,PRODUCT,2010
Xbox 360,PRODUCT,2010
Xbox 360,PRODUCT,2010
non-Xbox,PRODUCT,2010
Xbox,PRODUCT,2010
Xbox 360,PRODUCT,2010
Xbox 360,PRODUCT,2010
Xbox 360,PRODUCT,2010
Xbox 360,PRODUCT,2010
Xbox LIVE,PRODUCT,2010
Windows 7,PRODUCT,2010
Xbox 360,PRODUCT,2010
Windows,PRODUCT,2010
Windows Live Essentials,PRODUCT,2010
Windows Live Essentials,PRODUCT,2010
Xbox LIVE,PRODUCT,2010
Windows Azure,PRODUCT,2010
Windows,PRODUCT,2010
Xbox LIVE,PRODUCT,2010
Windows Live,PRODUCT,2010
Windows,PRODUCT,2010
Windows,PRODUCT,2010
Windows,PRODUCT,2010
Windows,PRODUCT,2010
Windows,PRODUCT,2010
Windows,PRODUCT,2010
Windows,PRODUCT,2010
Windows,PRODUCT,2010
Xbox 360,PRODUCT,2010
Windows Server,PRODUCT,2010
Windows Live,PRODUCT,2010
Windows Phone,PRODUCT,2010
Xbox 360,PRODUCT,2010
Xbox 360,PRODUCT,2010
Xbox 360,PRODUCT,2011
Xbox 360,PRODUCT,2011
Xbox 360,PRODUCT,2011
Windows Azure,PRODUCT,2011
Windows & Windows Live Division,PRODUCT,2011
Windows,PRODUCT,2011
Windows,PRODUCT,2011
Windows,PRODUCT,2011
OEM,PRODUCT,2011
Windows,PRODUCT,2011
Windows 7,PRODUCT,2011
Windows,PRODUCT,2011
Windows Live,PRODUCT,2011
Windows,PRODUCT,2011
Windows,PRODUCT,2011
Windows,PRODUCT,2011
Windows Server,PRODUCT,2011
Server and Tools,PRODUCT,2011
Windows Server,PRODUCT,2011
Windows Azure,PRODUCT,2011
Azure,PRODUCT,2011
Intune,PRODUCT,2011
Windows Embedded,PRODUCT,2011
Apache,PRODUCT,2011
JBoss,PRODUCT,2011
Eclipse,PRODUCT,2011
Windows Azure,PRODUCT,2011
Azure,PRODUCT,2011
Excel,PRODUCT,2011
OpenOffice.org,PRODUCT,2011
CRM,PRODUCT,2011
Windows Phone,PRODUCT,2011
Windows Phone,PRODUCT,2011
Windows Phone,PRODUCT,2011
Nokia,PRODUCT,2011
Windows,PRODUCT,2011
Windows,PRODUCT,2011
Windows Marketplace,PRODUCT,2011
Windows Phone,PRODUCT,2011
Windows Phone,PRODUCT,2011
Windows Phone,PRODUCT,2011
Windows Phone,PRODUCT,2011
Xbox 360,PRODUCT,2011
Xbox 360,PRODUCT,2011
Xbox 360,PRODUCT,2011
Xbox 360,PRODUCT,2011
Xbox LIVE,PRODUCT,2011
Windows Phone,PRODUCT,2011
Xbox,PRODUCT,2011
Xbox 360,PRODUCT,2011
Xbox 360,PRODUCT,2011
Windows Phone,PRODUCT,2011
Xbox 360,PRODUCT,2011
Xbox 360,PRODUCT,2011
Xbox 360,PRODUCT,2011
Xbox 360,PRODUCT,2011
Windows,PRODUCT,2011
Windows Live Essentials,PRODUCT,2011
Windows Phone Marketplace,PRODUCT,2011
Xbox LIVE,PRODUCT,2011
Azure,PRODUCT,2011
Windows Azure,PRODUCT,2011
Windows Intune,PRODUCT,2011
Windows,PRODUCT,2011
Windows,PRODUCT,2011
Xbox LIVE,PRODUCT,2011
Windows Azure,PRODUCT,2011
Windows Live,PRODUCT,2011
Windows,PRODUCT,2011
Windows,PRODUCT,2011
Windows,PRODUCT,2011
Windows,PRODUCT,2011
Windows,PRODUCT,2011
Windows,PRODUCT,2011
Windows,PRODUCT,2011
Windows,PRODUCT,2011
Windows Phone,PRODUCT,2011
Windows Server,PRODUCT,2011
Windows Live,PRODUCT,2011
Xbox 360,PRODUCT,2011
Windows Phone,PRODUCT,2011
Xbox 360,PRODUCT,2011
Xbox 360,PRODUCT,2011
Xbox 360,PRODUCT,2012
Xbox 360,PRODUCT,2012
Xbox 360,PRODUCT,2012
Windows Azure,PRODUCT,2012
Windows & Windows Live Division,PRODUCT,2012
Windows,PRODUCT,2012
Windows,PRODUCT,2012
Windows,PRODUCT,2012
Windows,PRODUCT,2012
OEM,PRODUCT,2012
Windows,PRODUCT,2012
Windows 7,PRODUCT,2012
Windows Live,PRODUCT,2012
Windows 8,PRODUCT,2012
Surface,PRODUCT,2012
Windows,PRODUCT,2012
Windows,PRODUCT,2012
Windows 8,PRODUCT,2012
Windows,PRODUCT,2012
Windows 8,PRODUCT,2012
the Windows Store,PRODUCT,2012
Windows,PRODUCT,2012
Windows Server,PRODUCT,2012
Server and Tools,PRODUCT,2012
Windows Embedded,PRODUCT,2012
Windows,PRODUCT,2012
Windows Server,PRODUCT,2012
Windows Azure,PRODUCT,2012
Azure,PRODUCT,2012
Intune,PRODUCT,2012
Windows Embedded,PRODUCT,2012
Apache,PRODUCT,2012
JBoss,PRODUCT,2012
Eclipse,PRODUCT,2012
Azure,PRODUCT,2012
Xbox 360,PRODUCT,2012
Windows Phone,PRODUCT,2012
Excel,PRODUCT,2012
OneNote,PRODUCT,2012
CRM,PRODUCT,2012
Windows Phone,PRODUCT,2012
Windows Phone,PRODUCT,2012
Xbox 360,PRODUCT,2012
Xbox 360,PRODUCT,2012
Xbox 360,PRODUCT,2012
Xbox 360,PRODUCT,2012
Xbox LIVE,PRODUCT,2012
Windows Phone,PRODUCT,2012
Xbox,PRODUCT,2012
Xbox 360,PRODUCT,2012
Xbox 360,PRODUCT,2012
Windows Phone,PRODUCT,2012
Xbox 360,PRODUCT,2012
Xbox 360,PRODUCT,2012
Xbox 360,PRODUCT,2012
Windows,PRODUCT,2012
Windows Live Essentials,PRODUCT,2012
Xbox LIVE,PRODUCT,2012
Azure,PRODUCT,2012
Windows Azure,PRODUCT,2012
Windows Intune,PRODUCT,2012
Windows 8,PRODUCT,2012
Windows,PRODUCT,2012
Windows,PRODUCT,2012
Windows Phone,PRODUCT,2012
Windows Server,PRODUCT,2012
the Windows Store,PRODUCT,2012
Xbox 360,PRODUCT,2012
Windows 8,PRODUCT,2012
Windows Azure,PRODUCT,2012
Windows Live,PRODUCT,2012
Windows,PRODUCT,2012
Windows,PRODUCT,2012
Windows,PRODUCT,2012
Windows,PRODUCT,2012
Windows,PRODUCT,2012
Windows,PRODUCT,2012
Windows,PRODUCT,2012
Windows,PRODUCT,2012
Windows,PRODUCT,2012
Windows Phone,PRODUCT,2012
Windows Server,PRODUCT,2012
the Windows Store,PRODUCT,2012
Xbox 360,PRODUCT,2012
Windows Phone,PRODUCT,2012
Xbox 360,PRODUCT,2012
Xbox 360,PRODUCT,2012
Xbox 360,PRODUCT,2013
Xbox 360,PRODUCT,2013
Xbox 360,PRODUCT,2013
Windows Azure,PRODUCT,2013
Windows 8,PRODUCT,2013
Windows,PRODUCT,2013
Windows,PRODUCT,2013
Windows,PRODUCT,2013
Windows,PRODUCT,2013
Windows,PRODUCT,2013
OEM,PRODUCT,2013
Windows,PRODUCT,2013
Windows,PRODUCT,2013
SkyDrive,PRODUCT,2013
Windows 8,PRODUCT,2013
Windows 8.1,PRODUCT,2013
Windows,PRODUCT,2013
Windows,PRODUCT,2013
Windows 8,PRODUCT,2013
the Windows Store,PRODUCT,2013
Windows,PRODUCT,2013
Windows Services,PRODUCT,2013
SkyDrive,PRODUCT,2013
Windows Server,PRODUCT,2013
Server and Tools,PRODUCT,2013
Windows Embedded,PRODUCT,2013
Windows,PRODUCT,2013
Windows Server,PRODUCT,2013
Windows Azure,PRODUCT,2013
Windows Intune,PRODUCT,2013
Windows Embedded,PRODUCT,2013
Apache,PRODUCT,2013
JBoss,PRODUCT,2013
Eclipse,PRODUCT,2013
Windows 8,PRODUCT,2013
Xbox 360,PRODUCT,2013
Windows Phone,PRODUCT,2013
Excel,PRODUCT,2013
Infor,PRODUCT,2013
CRM,PRODUCT,2013
Xbox,PRODUCT,2013
Windows Phone,PRODUCT,2013
Windows Phone,PRODUCT,2013
Xbox 360,PRODUCT,2013
Xbox 360,PRODUCT,2013
Xbox 360,PRODUCT,2013
Xbox 360,PRODUCT,2013
Xbox LIVE,PRODUCT,2013
Windows Phone,PRODUCT,2013
Xbox 360,PRODUCT,2013
Xbox One,PRODUCT,2013
Xbox,PRODUCT,2013
Windows Phone,PRODUCT,2013
Xbox 360,PRODUCT,2013
Xbox 360,PRODUCT,2013
Xbox 360,PRODUCT,2013
Xbox 360,PRODUCT,2013
Xbox 360,PRODUCT,2013
Windows,PRODUCT,2013
Windows SkyDrive,PRODUCT,2013
Xbox,PRODUCT,2013
Windows Phone Marketplace,PRODUCT,2013
Xbox LIVE,PRODUCT,2013
Windows Store,PRODUCT,2013
Windows Azure,PRODUCT,2013
Intune,PRODUCT,2013
Windows Azure Agreement,PRODUCT,2013
Windows,PRODUCT,2013
Windows 8,PRODUCT,2013
Surface,PRODUCT,2013
Windows Phone,PRODUCT,2013
Windows,PRODUCT,2013
Windows,PRODUCT,2013
Windows,PRODUCT,2013
Windows Phone,PRODUCT,2013
Windows Server,PRODUCT,2013
the Windows Store,PRODUCT,2013
Xbox 360,PRODUCT,2013
Windows 8,PRODUCT,2013
Windows,PRODUCT,2013
Windows 8,PRODUCT,2013
Surface,PRODUCT,2013
SkyDrive,PRODUCT,2013
Windows Azure,PRODUCT,2013
Windows,PRODUCT,2013
Windows,PRODUCT,2013
Windows,PRODUCT,2013
Windows,PRODUCT,2013
Windows,PRODUCT,2013
Windows,PRODUCT,2013
Xbox 360,PRODUCT,2013
Surface,PRODUCT,2013
Xbox 360,PRODUCT,2013
Surface,PRODUCT,2013
Windows,PRODUCT,2014
Windows,PRODUCT,2014
Windows Phone,PRODUCT,2014
Windows,PRODUCT,2014
Windows,PRODUCT,2014
Windows,PRODUCT,2014
Windows,PRODUCT,2014
OEM,PRODUCT,2014
Windows,PRODUCT,2014
Windows Phone,PRODUCT,2014
Windows Phone,PRODUCT,2014
Windows,PRODUCT,2014
Windows,PRODUCT,2014
Chrome,PRODUCT,2014
Windows Phone,PRODUCT,2014
Windows Phone,PRODUCT,2014
Windows,PRODUCT,2014
Xbox,PRODUCT,2014
The Xbox Platform,PRODUCT,2014
Xbox 360,PRODUCT,2014
Xbox One,PRODUCT,2014
the Xbox Platform,PRODUCT,2014
the Windows Store,PRODUCT,2014
Xbox Live,PRODUCT,2014
the Windows Phone Store,PRODUCT,2014
Windows Store and Windows Phone Store,PRODUCT,2014
Xbox Live,PRODUCT,2014
Xbox,PRODUCT,2014
Xbox,PRODUCT,2014
Xbox,PRODUCT,2014
Windows Server,PRODUCT,2014
Windows Embedded,PRODUCT,2014
Windows,PRODUCT,2014
Dynamics CRM,PRODUCT,2014
Windows Server,PRODUCT,2014
Windows Server,PRODUCT,2014
Windows Embedded,PRODUCT,2014
Windows,PRODUCT,2014
Windows Commercial,PRODUCT,2014
Linux,PRODUCT,2014
Apache,PRODUCT,2014
Eclipse,PRODUCT,2014
Windows Commercial,PRODUCT,2014
Windows,PRODUCT,2014
Dynamics CRM Online,PRODUCT,2014
Azure,PRODUCT,2014
Xbox,PRODUCT,2014
Xbox,PRODUCT,2014
Windows,PRODUCT,2014
Windows,PRODUCT,2014
Windows,PRODUCT,2014
Surface,PRODUCT,2014
Xbox,PRODUCT,2014
Windows Phone Store,PRODUCT,2014
Windows Store,PRODUCT,2014
Windows 8,PRODUCT,2014
Surface,PRODUCT,2014
Windows Phone,PRODUCT,2014
Xbox One,PRODUCT,2014
Windows,PRODUCT,2014
Windows,PRODUCT,2014
Windows,PRODUCT,2014
Windows Phone,PRODUCT,2014
Windows,PRODUCT,2014
Windows,PRODUCT,2014
Windows Phone,PRODUCT,2014
Windows Server,PRODUCT,2014
the Windows Store,PRODUCT,2014
Xbox,PRODUCT,2014
NDS,PRODUCT,2014
Windows,PRODUCT,2014
Windows,PRODUCT,2014
Windows,PRODUCT,2014
Windows,PRODUCT,2014
Windows,PRODUCT,2014
Windows,PRODUCT,2014
Xbox,PRODUCT,2014
Xbox,PRODUCT,2014
OneNote,PRODUCT,2015
Excel,PRODUCT,2015
Windows Server,PRODUCT,2015
Windows 10,PRODUCT,2015
Windows 10,PRODUCT,2015
Windows 10,PRODUCT,2015
Windows 10,PRODUCT,2015
Windows 10,PRODUCT,2015
Windows 10,PRODUCT,2015
Windows,PRODUCT,2015
Windows 10,PRODUCT,2015
Windows,PRODUCT,2015
Windows,PRODUCT,2015
Windows,PRODUCT,2015
Windows 10,PRODUCT,2015
Windows,PRODUCT,2015
Windows,PRODUCT,2015
Windows 10,PRODUCT,2015
Establishing the Windows,PRODUCT,2015
Windows,PRODUCT,2015
Windows,PRODUCT,2015
Windows Phone,PRODUCT,2015
Windows,PRODUCT,2015
Windows,PRODUCT,2015
Windows,PRODUCT,2015
Attachment of Windows,PRODUCT,2015
Windows,PRODUCT,2015
Windows Phone,PRODUCT,2015
Windows Phone,PRODUCT,2015
Windows,PRODUCT,2015
Windows,PRODUCT,2015
Windows Phone,PRODUCT,2015
Windows Phone,PRODUCT,2015
Windows,PRODUCT,2015
Xbox,PRODUCT,2015
The Xbox Platform,PRODUCT,2015
Xbox 360,PRODUCT,2015
Xbox One,PRODUCT,2015
Surface,PRODUCT,2015
the Xbox Platform,PRODUCT,2015
Windows,PRODUCT,2015
Windows Store,PRODUCT,2015
Xbox,PRODUCT,2015
Xbox,PRODUCT,2015
Xbox,PRODUCT,2015
Windows,PRODUCT,2015
Xbox,PRODUCT,2015
Xbox,PRODUCT,2015
Windows Server,PRODUCT,2015
Windows,PRODUCT,2015
Dynamics CRM,PRODUCT,2015
Windows Embedded,PRODUCT,2015
Windows Server,PRODUCT,2015
Windows Server,PRODUCT,2015
Windows Commercial,PRODUCT,2015
Windows,PRODUCT,2015
Windows Commercial,PRODUCT,2015
Windows,PRODUCT,2015
Apache,PRODUCT,2015
Eclipse,PRODUCT,2015
Windows Commercial,PRODUCT,2015
Windows,PRODUCT,2015
Dynamics CRM,PRODUCT,2015
Dynamics CRM,PRODUCT,2015
Dynamics CRM Online,PRODUCT,2015
CRM,PRODUCT,2015
Xbox,PRODUCT,2015
CRM,PRODUCT,2015
Windows,PRODUCT,2015
Xbox,PRODUCT,2015
Windows,PRODUCT,2015
Windows,PRODUCT,2015
Windows,PRODUCT,2015
Surface,PRODUCT,2015
Xbox,PRODUCT,2015
Windows Phone Store,PRODUCT,2015
Windows Store,PRODUCT,2015
Dynamics CRM Online,PRODUCT,2015
Windows,PRODUCT,2015
Windows Phone,PRODUCT,2015
Windows,PRODUCT,2015
Windows Phone,PRODUCT,2015
Windows,PRODUCT,2015
Windows,PRODUCT,2015
Windows Phone,PRODUCT,2015
Windows Server,PRODUCT,2015
the Windows Store,PRODUCT,2015
Xbox,PRODUCT,2015
Windows 10,PRODUCT,2015
Windows 7,PRODUCT,2015
Windows 10,PRODUCT,2015
Windows 10,PRODUCT,2015
Windows 10,PRODUCT,2015
Windows,PRODUCT,2015
Windows,PRODUCT,2015
Windows,PRODUCT,2015
Windows,PRODUCT,2015
Windows 10,PRODUCT,2015
Xbox,PRODUCT,2015
Excel,PRODUCT,2016
OneNote,PRODUCT,2016
Windows Server,PRODUCT,2016
Azure,PRODUCT,2016
Windows 10,PRODUCT,2016
Windows 10,PRODUCT,2016
Windows Ink,PRODUCT,2016
Windows 10,PRODUCT,2016
Windows 10,PRODUCT,2016
Windows 10,PRODUCT,2016
Windows,PRODUCT,2016
Windows,PRODUCT,2016
Windows,PRODUCT,2016
Windows,PRODUCT,2016
Windows 10,PRODUCT,2016
Windows,PRODUCT,2016
Windows,PRODUCT,2016
Windows 10,PRODUCT,2016
Establishing the Windows,PRODUCT,2016
Dynamics CRM,PRODUCT,2016
Dynamics CRM,PRODUCT,2016
Infor,PRODUCT,2016
Dynamics CRM,PRODUCT,2016
CRM,PRODUCT,2016
Windows Server,PRODUCT,2016
Windows Server,PRODUCT,2016
SQL Server,PRODUCT,2016
Windows Server,PRODUCT,2016
Azure,PRODUCT,2016
Apache,PRODUCT,2016
Eclipse,PRODUCT,2016
Windows,PRODUCT,2016
Windows OEM,PRODUCT,2016
Windows,PRODUCT,2016
Windows,PRODUCT,2016
Windows Embedded,PRODUCT,2016
Windows Phone,PRODUCT,2016
Xbox,PRODUCT,2016
Xbox Live,PRODUCT,2016
Windows,PRODUCT,2016
Windows 10,PRODUCT,2016
Windows,PRODUCT,2016
Windows,PRODUCT,2016
Attachment of Windows,PRODUCT,2016
Windows,PRODUCT,2016
Windows,PRODUCT,2016
Windows Embedded,PRODUCT,2016
Windows,PRODUCT,2016
Windows Phone,PRODUCT,2016
Windows,PRODUCT,2016
Surface,PRODUCT,2016
Xbox 360,PRODUCT,2016
Xbox One,PRODUCT,2016
Xbox,PRODUCT,2016
Windows,PRODUCT,2016
Xbox Live,PRODUCT,2016
Xbox Live,PRODUCT,2016
Xbox,PRODUCT,2016
Windows,PRODUCT,2016
Windows,PRODUCT,2016
Xbox,PRODUCT,2016
Xbox Live,PRODUCT,2016
Windows,PRODUCT,2016
Windows,PRODUCT,2016
Windows OEM,PRODUCT,2016
CRM,PRODUCT,2016
Windows,PRODUCT,2016
Windows,PRODUCT,2016
Windows,PRODUCT,2016
Windows,PRODUCT,2016
Dynamics CRM,PRODUCT,2016
Xbox Live,PRODUCT,2016
Windows Store,PRODUCT,2016
Windows,PRODUCT,2016
Windows,PRODUCT,2016
Windows,PRODUCT,2016
Windows Phone,PRODUCT,2016
Windows Server,PRODUCT,2016
the Windows Store,PRODUCT,2016
Xbox,PRODUCT,2016
Windows 10,PRODUCT,2016
Windows 7,PRODUCT,2016
Windows 10,PRODUCT,2016
Windows 10,PRODUCT,2016
Windows 10,PRODUCT,2016
Windows 10,PRODUCT,2016
Windows,PRODUCT,2016
Windows,PRODUCT,2016
Windows,PRODUCT,2016
Windows,PRODUCT,2016
Windows,PRODUCT,2016
Windows 10,PRODUCT,2016
Windows 10,PRODUCT,2016
Xbox,PRODUCT,2016
Dynamics 365,PRODUCT,2017
Windows Server,PRODUCT,2017
Windows Ink,PRODUCT,2017
10,PRODUCT,2017
Windows 10,PRODUCT,2017
Windows 10,PRODUCT,2017
Windows 10,PRODUCT,2017
Windows 10,PRODUCT,2017
Windows,PRODUCT,2017
Windows,PRODUCT,2017
Windows,PRODUCT,2017
Windows,PRODUCT,2017
Windows,PRODUCT,2017
Windows 10,PRODUCT,2017
Windows,PRODUCT,2017
Windows,PRODUCT,2017
Windows 10,PRODUCT,2017
Windows 10,PRODUCT,2017
Windows,PRODUCT,2017
Dynamics CRM,PRODUCT,2017
Dynamics 365,PRODUCT,2017
CRM,PRODUCT,2017
CRM,PRODUCT,2017
Infor,PRODUCT,2017
CRM,PRODUCT,2017
Dynamics CRM,PRODUCT,2017
Dynamics 365,PRODUCT,2017
Windows Server,PRODUCT,2017
Windows Server,PRODUCT,2017
SQL Server,PRODUCT,2017
Windows Server,PRODUCT,2017
Azure,PRODUCT,2017
Apache,PRODUCT,2017
Eclipse,PRODUCT,2017
Windows OEM,PRODUCT,2017
Windows OEM,PRODUCT,2017
Windows,PRODUCT,2017
Windows Commercial,PRODUCT,2017
Windows,PRODUCT,2017
Windows,PRODUCT,2017
Windows,PRODUCT,2017
Windows IoT,PRODUCT,2017
Xbox,PRODUCT,2017
Xbox,PRODUCT,2017
Xbox Live,PRODUCT,2017
Windows,PRODUCT,2017
Windows OEM,PRODUCT,2017
Windows,PRODUCT,2017
Windows OEM,PRODUCT,2017
Windows,PRODUCT,2017
Windows,PRODUCT,2017
Windows Commercial,PRODUCT,2017
Windows,PRODUCT,2017
Windows,PRODUCT,2017
Windows,PRODUCT,2017
Windows,PRODUCT,2017
Windows,PRODUCT,2017
Windows IoT,PRODUCT,2017
Windows,PRODUCT,2017
Surface,PRODUCT,2017
Windows,PRODUCT,2017
Surface,PRODUCT,2017
the Surface Laptop and Surface Pro,PRODUCT,2017
Xbox One,PRODUCT,2017
Xbox One S,PRODUCT,2017
Windows 10 Xbox,PRODUCT,2017
Xbox,PRODUCT,2017
Windows,PRODUCT,2017
Xbox Live,PRODUCT,2017
Xbox Live,PRODUCT,2017
Xbox,PRODUCT,2017
Windows,PRODUCT,2017
Windows,PRODUCT,2017
Windows,PRODUCT,2017
Windows,PRODUCT,2017
CRM,PRODUCT,2017
Windows,PRODUCT,2017
Windows,PRODUCT,2017
Windows,PRODUCT,2017
Windows,PRODUCT,2017
Windows,PRODUCT,2017
Windows,PRODUCT,2017
Windows Server,PRODUCT,2017
the Windows Store,PRODUCT,2017
Xbox,PRODUCT,2017
Windows 10,PRODUCT,2017
Windows 10,PRODUCT,2017
Windows 10,PRODUCT,2017
Windows,PRODUCT,2017
Windows,PRODUCT,2017
Windows,PRODUCT,2017
Windows,PRODUCT,2017
Windows,PRODUCT,2017
Windows 10,PRODUCT,2017
the Privacy Shield,PRODUCT,2017
The Privacy Shield,PRODUCT,2017
Windows 10,PRODUCT,2017
Xbox,PRODUCT,2017
Windows,PRODUCT,2018
Windows 10,PRODUCT,2018
Dynamics 365,PRODUCT,2018
Azure SQL Database,PRODUCT,2018
Cortana,PRODUCT,2018
Windows 10,PRODUCT,2018
Windows 10,PRODUCT,2018
Windows,PRODUCT,2018
Windows 10,PRODUCT,2018
Windows,PRODUCT,2018
Windows,PRODUCT,2018
the Surface Laptop,PRODUCT,2018
Windows,PRODUCT,2018
Xbox One,PRODUCT,2018
Xbox Live,PRODUCT,2018
Windows 10,PRODUCT,2018
Xbox Live,PRODUCT,2018
Windows,PRODUCT,2018
Dynamics CRM,PRODUCT,2018
Dynamics 365,PRODUCT,2018
CRM,PRODUCT,2018
CRM,PRODUCT,2018
Infor,PRODUCT,2018
Oracle,PRODUCT,2018
Windows Server,PRODUCT,2018
Windows Server,PRODUCT,2018
SQL Server,PRODUCT,2018
Windows Server,PRODUCT,2018
Azure,PRODUCT,2018
Apache,PRODUCT,2018
Eclipse,PRODUCT,2018
Windows OEM,PRODUCT,2018
Windows OEM,PRODUCT,2018
Windows,PRODUCT,2018
Windows Commercial,PRODUCT,2018
Windows,PRODUCT,2018
Windows,PRODUCT,2018
Windows,PRODUCT,2018
Windows IoT,PRODUCT,2018
Xbox,PRODUCT,2018
Xbox,PRODUCT,2018
Xbox Live,PRODUCT,2018
Windows,PRODUCT,2018
Windows OEM,PRODUCT,2018
Windows,PRODUCT,2018
Windows OEM,PRODUCT,2018
Windows,PRODUCT,2018
Windows,PRODUCT,2018
Windows Commercial,PRODUCT,2018
Windows,PRODUCT,2018
Windows,PRODUCT,2018
Windows,PRODUCT,2018
Windows Commercial,PRODUCT,2018
Windows IoT,PRODUCT,2018
Windows,PRODUCT,2018
Windows,PRODUCT,2018
Xbox One X,PRODUCT,2018
Xbox Live,PRODUCT,2018
Xbox,PRODUCT,2018
Windows,PRODUCT,2018
Xbox Live,PRODUCT,2018
Xbox Live,PRODUCT,2018
Xbox,PRODUCT,2018
Windows,PRODUCT,2018
Windows,PRODUCT,2018
Windows,PRODUCT,2018
Windows,PRODUCT,2018
CRM,PRODUCT,2018
Windows,PRODUCT,2018
Xbox Live,PRODUCT,2018
Windows,PRODUCT,2018
Windows,PRODUCT,2018
OEM,PRODUCT,2018
Windows,PRODUCT,2018
IoT,PRODUCT,2018
Azure Sphere,PRODUCT,2018
Windows,PRODUCT,2018
Windows Server,PRODUCT,2018
the Windows Store,PRODUCT,2018
Xbox Live,PRODUCT,2018
Windows Store,PRODUCT,2018
Windows,PRODUCT,2018
Windows,PRODUCT,2018
Windows,PRODUCT,2018
Windows,PRODUCT,2018
Windows,PRODUCT,2018
Windows 10,PRODUCT,2018
the Privacy Shield,PRODUCT,2018
The Privacy Shield,PRODUCT,2018
The Privacy Shield,PRODUCT,2018
Windows 10,PRODUCT,2018
Xbox,PRODUCT,2018
Windows,PRODUCT,2019
Windows 10,PRODUCT,2019
Dynamics 365,PRODUCT,2019
Azure Stack,PRODUCT,2019
Azure SQL Database,PRODUCT,2019
Windows,PRODUCT,2019
10,PRODUCT,2019
Cortana,PRODUCT,2019
Windows,PRODUCT,2019
Windows,PRODUCT,2019
Windows,PRODUCT,2019
Xbox One,PRODUCT,2019
Xbox Live,PRODUCT,2019
Windows 10,PRODUCT,2019
Xbox Live,PRODUCT,2019
Windows,PRODUCT,2019
CRM,PRODUCT,2019
Dynamics ERP,PRODUCT,2019
Dynamics CRM,PRODUCT,2019
ERP,PRODUCT,2019
CRM,PRODUCT,2019
NetSuite,PRODUCT,2019
Windows Server,PRODUCT,2019
Windows Server,PRODUCT,2019
Windows Server,PRODUCT,2019
Azure,PRODUCT,2019
Apache,PRODUCT,2019
Eclipse,PRODUCT,2019
Windows OEM,PRODUCT,2019
Windows OEM,PRODUCT,2019
Windows,PRODUCT,2019
Windows Commercial,PRODUCT,2019
Windows,PRODUCT,2019
Windows,PRODUCT,2019
Windows,PRODUCT,2019
Windows IoT,PRODUCT,2019
Xbox,PRODUCT,2019
Xbox,PRODUCT,2019
Xbox Live,PRODUCT,2019
Windows,PRODUCT,2019
Windows OEM,PRODUCT,2019
Windows,PRODUCT,2019
Windows OEM,PRODUCT,2019
Windows,PRODUCT,2019
Windows,PRODUCT,2019
Windows Commercial,PRODUCT,2019
Windows,PRODUCT,2019
Windows,PRODUCT,2019
Windows Commercial,PRODUCT,2019
IoT,PRODUCT,2019
Windows,PRODUCT,2019
Windows,PRODUCT,2019
Xbox One X,PRODUCT,2019
Xbox Live,PRODUCT,2019
Xbox,PRODUCT,2019
Windows,PRODUCT,2019
Xbox Live,PRODUCT,2019
Xbox Live,PRODUCT,2019
Xbox,PRODUCT,2019
Windows,PRODUCT,2019
Windows,PRODUCT,2019
Windows,PRODUCT,2019
Windows,PRODUCT,2019
CRM,PRODUCT,2019
Windows,PRODUCT,2019
Xbox Live,PRODUCT,2019
Windows,PRODUCT,2019
Windows,PRODUCT,2019
OEM,PRODUCT,2019
Windows,PRODUCT,2019
IoT,PRODUCT,2019
Azure Sphere,PRODUCT,2019
Windows,PRODUCT,2019
Windows Server,PRODUCT,2019
Xbox Live,PRODUCT,2019
Xbox Live,PRODUCT,2019
Dynamics 365,PRODUCT,2019
Xbox,PRODUCT,2019
Xbox,PRODUCT,2019
Windows 10,PRODUCT,2019
Windows,PRODUCT,2019
Windows,PRODUCT,2019
Windows,PRODUCT,2019
Windows,PRODUCT,2019
Windows,PRODUCT,2019
Windows 10,PRODUCT,2019
the Privacy Shield,PRODUCT,2019
The Privacy Shield,PRODUCT,2019
The Privacy Shield,PRODUCT,2019
